round_name,points_list,category_title,question_index,prompt,answer,daily_double
Test Round,100|200|300|400|500,Math 101,0,This is one plus one,What is 2,true
Test Round,100|200|300|400|500,Math 101,1,The expression 2 + 2 will yield this number,What is 4,true
Test Round,100|200|300|400|500,Math 101,2,Adding three and three will give you this,What is 6,true
Test Round,100|200|300|400|500,Math 101,3,This number is 4 + 4,What is 8,true
Test Round,100|200|300|400|500,Math 101,4,5 + 5 equals to this,What is 10,true
Test Round,100|200|300|400|500,Math 201,0,This is the root of x^2+4x+4,What is x+2,
Test Round,100|200|300|400|500,Math 201,1,Simplified Term of 12a + 26b -4b - 16a,-4a + 22b,
Test Round,100|200|300|400|500,Math 201,2,Value of |-26|,26,
Test Round,100|200|300|400|500,Math 201,3,Expanded view of (x - 4)(x + 5),x^2+x-20,
Test Round,100|200|300|400|500,Math 201,4,The radius of a circle that has a circumference of 3.14 meters,0.5 meters,
Test Round,100|200|300|400|500,Empty,0,,,
Test Round,100|200|300|400|500,Empty,1,,,
Test Round,100|200|300|400|500,Empty,2,,,
Test Round,100|200|300|400|500,Empty,3,,,
Test Round,100|200|300|400|500,Empty,4,,,
Test Round,100|200|300|400|500,Empty,0,,,
Test Round,100|200|300|400|500,Empty,1,,,
Test Round,100|200|300|400|500,Empty,2,,,
Test Round,100|200|300|400|500,Empty,3,,,
Test Round,100|200|300|400|500,Empty,4,,,
Test Round,100|200|300|400|500,Empty,0,,,
Test Round,100|200|300|400|500,Empty,1,,,
Test Round,100|200|300|400|500,Empty,2,,,
Test Round,100|200|300|400|500,Empty,3,,,
Test Round,100|200|300|400|500,Empty,4,,,
Test Round,100|200|300|400|500,Empty,0,,,
Test Round,100|200|300|400|500,Empty,1,,,
Test Round,100|200|300|400|500,Empty,2,,,
Test Round,100|200|300|400|500,Empty,3,,,
Test Round,100|200|300|400|500,Empty,4,,,
Round One,100|200|300|400|500,"Word ""Chu"" Lookin' at",0,An intimate friend or companion.,What is chum,
Round One,100|200|300|400|500,"Word ""Chu"" Lookin' at",1,Rounded and plump,What is chubby,
Round One,100|200|300|400|500,"Word ""Chu"" Lookin' at",2,To laugh quietly or to oneself.,What is chuckle,
Round One,100|200|300|400|500,"Word ""Chu"" Lookin' at",3,To make by the agitation of milk or cream,What is churn,
Round One,100|200|300|400|500,"Word ""Chu"" Lookin' at",4,Having a bad disposition; surly; rude,What is churlish,
Round One,100|200|300|400|500,Movie Numbers,0,(Title) ____ Days of Summer ,What is 500,
Round One,100|200|300|400|500,Movie Numbers,1,"(Quote) ""This is Sparta""",What is 300,
Round One,100|200|300|400|500,Movie Numbers,2,"(Quote) ""What's in the Box?""",What is Seven?,
Round One,100|200|300|400|500,Movie Numbers,3,(Title) Blade Runner ____,What is 2049,
Round One,100|200|300|400|500,Movie Numbers,4,(Title) Assault on Precinct ____ ,What is 13,
Round One,100|200|300|400|500,"""Jeopardy"" Jeopardy",0,Wagering this dollar amount is against jeopardy rules,"What is 69, 666, 14, 88, 1488?",
Round One,100|200|300|400|500,"""Jeopardy"" Jeopardy",1,"In 1997, Trebek and this game show host switched roles as an April Fools joke.",Who is Pat Sajak,
Round One,100|200|300|400|500,"""Jeopardy"" Jeopardy",2,The name of the AI that beat the two best human Jeopardy players in 2011,What is Watson,
Round One,100|200|300|400|500,"""Jeopardy"" Jeopardy",3,Ken Jennings holds the record for most consecutive appearances on Jeopardy with this many appearances,What is 75,
Round One,100|200|300|400|500,"""Jeopardy"" Jeopardy",4,The title of Jeopardy's theme song,"What is ""Think!""",
Round One,100|200|300|400|500,Double Jeopardy,0,"If you want to go to Harvard Law, better ace this four-letter test used as a criterion for admission",What is LSAT?,
Round One,100|200|300|400|500,Double Jeopardy,1,Acts that lower the dignity of a trial may bring a fine or jail sentence if you're held in this.,What is Contempt of court,
Round One,100|200|300|400|500,Double Jeopardy,2,A claim upon property to secure payment of a debt.,What is a Lien,
Round One,100|200|300|400|500,Double Jeopardy,3,This US constituational ammendment limits the number of times a person can be elected President.,What is 22nd,
Round One,100|200|300|400|500,Double Jeopardy,4,This US law requires all federal agencies' information and electronic services to be accessible to those with disabilities.,What is Section 508/504 of the Rehabilitation Act of 1973,
Round One,100|200|300|400|500,Healthy Foods,0,Popeye's favorite food,What is Spinach,
Round One,100|200|300|400|500,Healthy Foods,1,This vetetable was the first to be grown in space,What is a potato,
Round One,100|200|300|400|500,Healthy Foods,2,"dish served ""A la Crecy"" is garnished with this vegitable",What are carrots,
Round One,100|200|300|400|500,Healthy Foods,3,"Apples, pears, peaches, and plums are all members of this plant family.",What is a rose,
Round One,100|200|300|400|500,Healthy Foods,4,This is the most widely consumed fruit in the world,What is a mango,
Round One,100|200|300|400|500,Random Arithmetics,0,Number of legs spiders have + The number of chambers of a human heart,8 + 4,
Round One,100|200|300|400|500,Random Arithmetics,1,the number of seats in the US Senate - The number of major divisions of an insect body,100 - 3,
Round One,100|200|300|400|500,Random Arithmetics,2,Number of electrons in a hydrogen atom + the current season of the Simpsons,1 + 32,
Round One,100|200|300|400|500,Random Arithmetics,3,The number of member states (countries) in the UN + the number of timezones in China,193 + 1,
Round One,100|200|300|400|500,Random Arithmetics,4,The number of characters allowed in the first Tweets - Length of an Olympic swimming pool in meters,140 - 50,
Round Two,200|400|600|800|1000,Add a letter,0,"Add a letter to ""cat"" & you will end up with a nice conversation",chat,
Round Two,200|400|600|800|1000,Add a letter,1,"Add a letter to ""hotel"" & you end up with this less-expensive lodging place",hostel,
Round Two,200|400|600|800|1000,Add a letter,2,"One extra letter makes a ""uniformed"" person this, meaning very much out of the loop",uninformed,
Round Two,200|400|600|800|1000,Add a letter,3,"Here's a ""riddle""; now add a letter & it's this hot, flat cooking surface",griddle,
Round Two,200|400|600|800|1000,Add a letter,4,"Add a letter to ""reel"" & you'll be able to do this, take much pleasure",revel,
Round Two,200|400|600|800|1000,Technology Abbreviations,0,WYSIWYG (Web Editor),What You See Is What You Get,
Round Two,200|400|600|800|1000,Technology Abbreviations,1,GPT (AI),Generative Pre-trained Transformer,
Round Two,200|400|600|800|1000,Technology Abbreviations,2,CNN (Machine Learning),Convolutional Neural Network,
Round Two,200|400|600|800|1000,Technology Abbreviations,3,OLAP (Data),Online Analytical Processing,
Round Two,200|400|600|800|1000,Technology Abbreviations,4,PHP (Web Language),PHP: Hypertext Preprocessor (People Helping People),
Round Two,200|400|600|800|1000,"It's ""al"" Delicious",0,a type of tree nut that is often eaten as a snack or used in cooking and baking,Almond,
Round Two,200|400|600|800|1000,"It's ""al"" Delicious",1,"Named for a Roman restaurateur, this simple dish is known for its sauce of butter, Parmesan & heavy cream",Alfredo,
Round Two,200|400|600|800|1000,"It's ""al"" Delicious",2,"a type of Mexican dish made with spit-grilled pork that is marinated in a blend of chili peppers, pineapple, and other spices",Al pastor,
Round Two,200|400|600|800|1000,"It's ""al"" Delicious",3,"water that has a higher pH level than tap water, which some people believe has health benefits.",Alkaline water,
Round Two,200|400|600|800|1000,"It's ""al"" Delicious",4,"Made from pimiento berry, it's so-named because it tastes like nutmeg, cinnamon & cloves",Allspice,
Round Two,200|400|600|800|1000,S. American Geography,0,This country has coastlines on both the Caribbean Sea and the Pacific Ocean,Colombia,
Round Two,200|400|600|800|1000,S. American Geography,1,"Founded in 1554, this city is Brazil's industrial & financial center",Sao Paulo,
Round Two,200|400|600|800|1000,S. American Geography,2,"The Uyuni Salt Flat, the world's largest salt flat, is located in this country",Bolivia,
Round Two,200|400|600|800|1000,S. American Geography,3,"The Amazon River, the world's largest river by volume, flows  into this ocean",Atlantic Ocean,
Round Two,200|400|600|800|1000,S. American Geography,4,"Punta Pariñas, South America's westernmost mainland point, lies in this country's Talara province",Peru,
Round Two,200|400|600|800|1000,"Science ""K""lass",0,The energy possessed by a body due to its motion,Kinetic energy,
Round Two,200|400|600|800|1000,"Science ""K""lass",1,"Almost exactly equal to the mass of 1,000 cubic centimeters of water, it's a base unit in the metric system",kilogram,
Round Two,200|400|600|800|1000,"Science ""K""lass",2,Just add 273.15 to your Celsius reading to get this,kelvin,
Round Two,200|400|600|800|1000,"Science ""K""lass",3,"This noble gas used in high-speed photography lamps takes its name from the Greek for ""hidden""",krypton,
Round Two,200|400|600|800|1000,"Science ""K""lass",4,"A substance to start a fire, or the point that's the lowest temperature at which something will autoignite",kindling point,
Round Two,200|400|600|800|1000,World Landmarks,0,"In London, this landmark was completed in 1858 and is a clock tower located at the north end of the Houses of Parliament.",Big Ben,
Round Two,200|400|600|800|1000,World Landmarks,1,This ancient city in Peru was the capital of the Inca Empire and is a UNESCO World Heritage Site.,Machu Picchu,
Round Two,200|400|600|800|1000,World Landmarks,2,"This iconic landmark near the Champ de Mars has 1,665 steps",The Eiffel Tower,
Round Two,200|400|600|800|1000,World Landmarks,3,This architectural marvel in Rome was built in 80 AD and was originally used for gladiator fights,Colosseum,
Round Two,200|400|600|800|1000,World Landmarks,4,This ancient Greek temple is located on the island of Rhodes and was one of the Seven Wonders of the Ancient World.,What is the Colossus of Rhodes,